시도명,시군구명,위치명,도로명주소,지번주소
대전광역시 ,유성구,유성구보건소,대전광역시 유성구 박산로 177,대전광역시 유성구 구암동 91-6
대전광역시,유성구,온천1동 행정복지센터,대전광역시 유성구 도안대로589번길 35 (봉명동),대전광역시 유성구 봉명동 451번지
대전광역시,유성구,온천2동 행정복지센터,대전광역시 유성구 장대로 120 (장대동),대전광역시 유성구 장대동 40-2번지
대전광역시,유성구,원신흥동 행정복지센터,대전광역시 유성구 봉명로 27-18 (원신흥동),대전광역시 유성구 원신흥동 491-14번지
대전광역시,유성구,노은1동 행정복지센터,대전광역시 유성구 노은동로87번길 89 (노은동),대전광역시 유성구 노은동 546번지
대전광역시,유성구,노은2동 행정복지센터,대전광역시 유성구 송림로19번길 35 (하기동),대전광역시 유성구 하기동 411-1번지
대전광역시,유성구,노은3동 행정복지센터,대전광역시 유성구 지족동로 145 (지족동),대전광역시 유성구 지족동 1024-2번지
대전광역시,유성구,전민동 행정복지센터,대전광역시 유성구 유성대로 1719 (전민동),대전광역시 유성구 전민동 462-6번지
대전광역시,유성구,신성동 행정복지센터,대전광역시 유성구 신성로 55 (하기동),대전광역시 유성구 하기동 18-6번지
대전광역시,유성구,진잠동 행정복지센터,대전광역시 유성구 원내로 5 (원내동),대전광역시 유성구 원내동 213-4번지
대전광역시,유성구,구즉동 행정복지센터,대전광역시 유성구 금남구즉로 1442 (봉산동),대전광역시 유성구 봉산동 301-3번지 
대전광역시,유성구,관평동 행정복지센터,대전광역시 유성구 관평2로 42 (관평동),대전광역시 유성구 관평동 905번지 
대전광역시,유성구,관평뜰약국,"대전광역시 유성구 관평2로 56, 도모프라자 101호 (관평동)",대전광역시 유성구 관평동 911 도모프라자101호
대전광역시,유성구,국민약국,"대전광역시 유성구 계룡로 44, 1층 (봉명동)",대전광역시 유성구 봉명동 566-5 1층
대전광역시,유성구,노은열린약국,"대전광역시 유성구 노은동로 153, (지족동)",대전광역시 유성구 지족동 918-13 
대전광역시,유성구,노은온누리약국,"대전광역시 유성구 지족동로 152, (지족동)",대전광역시 유성구 지족동 1025-1
대전광역시,유성구,다솜약국,"대전광역시 유성구 학하서로20번길 21, (계산동)",대전광역시 유성구 계산동 801-3 
대전광역시,유성구,도안참사랑약국,"대전광역시 유성구 월드컵대로316번길 64, (상대동)",대전광역시 유성구 상대동 455-7
대전광역시,유성구,두리약국,"대전광역시 유성구 자운로97번길 410, 자운상가 (신봉동)",대전광역시 유성구 신봉동 230-14 자운상가
대전광역시,유성구,드림약국,"대전광역시 유성구 문화원로 14, (장대동)",대전광역시 유성구 장대동 353-5
대전광역시,유성구,메디팜조은약국,"대전광역시 유성구 은구비남로 37, (지족동)",대전광역시 유성구 지족동 907-10
대전광역시,유성구,명근당약국,"대전광역시 유성구 어은로58번길 2, (어은동)",대전광역시 유성구 어은동 110
대전광역시,유성구,명문약국,"대전광역시 유성구 계룡로 47, (봉명동)",대전광역시 유성구 봉명동 561-10
대전광역시,유성구,무지개약국,"대전광역시 유성구 은구비남로33번길 36, 1층 103호 (지족동)",대전광역시 유성구 지족동 907-1 1층 103호
대전광역시,유성구,미래약국,"대전광역시 유성구 유성대로 727, (장대동)",대전광역시 유성구 장대동 267-4
대전광역시,유성구,믿음이있는약국,"대전광역시 유성구 지족로 374, 옥타브2상가 110호 (지족동)",대전광역시 유성구 지족동 986-2 옥타브 2 상가 110호
대전광역시,유성구,반석드림팜약국,"대전광역시 유성구 반석로 16, (반석동)",대전광역시 유성구 반석동 638-6
대전광역시,유성구,보명약국,"대전광역시 유성구 노은로 166, 계룡프라자 104호 (지족동)",대전광역시 유성구 지족동 901-5 계룡프라자 104호
대전광역시,유성구,신성종로약국,"대전광역시 유성구 신성남로 49, (신성동)",대전광역시 유성구 신성동 216-6
대전광역시,유성구,아름다운약국,"대전광역시 유성구 노은동로 159, (지족동)",대전광역시 유성구 지족동 916-16
대전광역시,유성구,영광종로약국,"대전광역시 유성구 반석로 23, 제일프라자 104호 (반석동)",대전광역시 유성구 반석동 639-1 제일프라자 104호
대전광역시,유성구,우리들의약국,"대전광역시 유성구 궁동로18번길 31, (궁동)",대전광역시 유성구 궁동 397-8
대전광역시,유성구,원내성심약국,"대전광역시 유성구 진잠로78번길 69, (원내동)",대전광역시 유성구 원내동 320-16
대전광역시,유성구,월드약국,"대전광역시 유성구 은구비로 36, 월드코아 1층 (지족동)",대전광역시 유성구 지족동 901-1 월드코아 1층
대전광역시,유성구,유성하나약국,"대전광역시 유성구 계룡로 92, 상가동 304호 (봉명동, 유성시제이나인파크아파트)",대전광역시 유성구 봉명동 553-2 CJ나인파크상가 304
대전광역시,유성구,유성한사랑약국,"대전광역시 유성구 온천동로 43, 1층 102호 (봉명동)",대전광역시 유성구 봉명동 694-6 제1층 102호
대전광역시,유성구,정다운약국,"대전광역시 유성구 계룡로 32, (봉명동)",대전광역시 유성구 봉명동 565-1
대전광역시,유성구,제일약국,"대전광역시 유성구 월드컵대로275번길 39, 103호 (구암동)",대전광역시 유성구 구암동 623-26  103호
대전광역시,유성구,지혜당약국,"대전광역시 유성구 어은로 52, (어은동)",대전광역시 유성구 어은동 110-9 
대전광역시,유성구,초록온누리약국,"대전광역시 유성구 어은로 57, 한빛프라자 1층 111호 (어은동)",대전광역시 유성구 어은동 99 한빛프라자1층 111호
대전광역시,유성구,푸른약국,"대전광역시 유성구 진잠로149번길 17, 연빌딩 1층 (교촌동)",대전광역시 유성구 교촌동 624-26 연빌딩 1층
대전광역시,유성구,하연약국,"대전광역시 유성구 신성로72번길 66, (신성동)",대전광역시 유성구 신성동 214-8
대전광역시,유성구,한마을약국,"대전광역시 유성구 구즉로 16, 상가동 1층 114호 (송강동, 한마을아파트)",대전광역시 유성구 송강동 200-4 한마을아파트상가 114호 1층
대전광역시,유성구,한빛약국,"대전광역시 유성구 어은로 57, 한빛프라자 101호 (어은동)",대전광역시 유성구 어은동 99 한빛프라자 101호
대전광역시,유성구,유성구청민원실,대전광역시 유성구 대학로 211(어은동),대전광역시 유성구 어은동 109
대전광역시,유성구,유성실버복지센터,대전광역시 유성구 원신흥남로27번길 54,대전광역시 유성구 원신흥동 578-2
대전광역시,유성구,학하동 행정복지센터,대전광역시 유성구 학하서로 190,대전광역시 유성구 복용동 557-2
대전광역시,유성구,상대동 행정복지센터,대전광역시 유성구 월드컵대로316번길 28-7,대전광역시 유성구 상대동 455-8
