순번,약국명칭,약국전화번호,약국우편번호(도로명),약국소재지(도로명),팩스번호
1,자연주의중앙약국,042-254-3674,34926,"대전광역시 중구 대흥로165번길 46, 1층 (대흥동)",
2,연약국,042-526-6981,34900,"대전광역시 중구 계백로 1599, 1층 (유천동)",042-526-6981
3,365바른약국,042-710-4915,35082,"대전광역시 중구 산서로 28, 103호 (사정동)",042-710-4917
4,튼튼약국,042-223-0224,34851,"대전광역시 중구 선화서로 76, 102호 (선화동)",
5,선화호랑이약국,042-223-8532,34829,"대전광역시 중구 대종로594번길 51, 302동 119호 (선화동, 하늘채스카이앤1차)",042-223-8531
6,일등약국,042-525-7121,34909,"대전광역시 중구 계룡로 876, 102호 (오류동)",0508-912-2422
7,은혜로약국,042-223-3369,34964,대전광역시 중구 계룡로920번길 29 (대사동),042-233-3369
8,코웰약국,042-253-1118,34857,"대전광역시 중구 계룡로 849, 1층 (용두동)",070-8240-1115
9,대전가장큰약국,042-587-5999,34966,"대전광역시 중구 계백로 1608, 1층 (유천동)",042-587-5997
10,서대전약국,042-721-2638,34946,"대전광역시 중구 계룡로 931, 1층 102호 (대사동, 솔리안시티)",042-721-2639
11,맘모스약국,042-335-2638,35041,대전광역시 중구 보문산로 400 (대사동),
12,현약국,042-345-2345,34838,대전광역시 중구 중앙로137번길 27 (선화동),
13,선화참사랑약국,042-522-9231,34829,대전광역시 중구 대종로 608 (선화동),
14,태평햇살약국,042-525-9574,34885,"대전광역시 중구 태평로 83, 삼부스포렉스 1층 (태평동)",
15,신중앙약국,042-716-1237,34914,"대전광역시 중구 중앙로 138, 1층 (대흥동)",
16,행복약국,042-584-5738,35011,"대전광역시 중구 산성로 55, 1층 (산성동)",042-584-5739
17,충대후문약국,042-222-0398,35041,"대전광역시 중구 보문산로 398, 1층 (대사동)",0508-930-0918
18,수정약국,042-252-2543,34940,"대전광역시 중구 중교로 15, 1층 (대흥동)",050-4213-5575
19,산성믿음약국,042-587-4433,35055,"대전광역시 중구 대둔산로 392, 1층 (산성동)",042-587-4434
20,셀메드신세계약국,042-487-1131,34891,"대전광역시 중구 계백로 1567, 1층 (유천동)",0504-196-3718
21,유천큰사랑약국,042-527-3650,34891,"대전광역시 중구 계백로 1543, 1층 (유천동)",042-527-3659
22,이화약국,042-581-4777,34993,"대전광역시 중구 당디로 52, 1층 (산성동)",042-581-4778
23,희망찬약국,042-721-5947,34946,"대전광역시 중구 계룡로 935, 1층 103호 (대사동)",042-721-5948
24,조은약국,042-257-2257,34942,"대전광역시 중구 대흥로66번길 27, 1층 (대흥동)",042-257-2258
25,대전성심약국,042-242-1839,34942,대전광역시 중구 대흥로66번길 17(대흥동),042-242-1784
26,늘봄약국,042-222-0662,34940,"대전광역시 중구 선화서로 1, 1층 (대흥동)",042-223-0662
27,정성약국,042-826-0800,34966,"대전광역시 중구 계백로 1600, 1층 (유천동)",042-826-0801
28,대성약국,042-272-3442,35033,대전광역시 중구 보문로 31 (문창동),
29,건강한약국,042-221-0333,34937,"대전광역시 중구 보문로 160-1, 1층 (대사동)",0504-182-4048
30,십자약국,042-585-0263,34980,대전광역시 중구 대둔산로 470 (산성동),
31,충대아산약국,042-257-2574,34964,대전광역시 중구 계룡로920번길 46 (대사동),
32,삼층민약국,070-7576-0567,34812,"대전광역시 중구 목중로 50, 중촌동제일프라자 404호 (중촌동)",070-7543-0569
33,온누리약국,042-522-0625,34900,"대전광역시 중구 계백로 1613, 대원빌딩 2층 2호 (유천동)",
34,센트럴약국,042-536-8639,34909,"대전광역시 중구 계백로 1709, 1층 102호 (오류동)",042-536-8640
35,더조은온누리약국,042-524-1230,34909,"대전광역시 중구 계백로 1715, 105호 (오류동)",042-524-1239
36,산성 약국,042-585-0243,35011,대전광역시 중구 보문산로 79 (산성동),
37,코지약국,042-364-4570,34922,"대전광역시 중구 대전천서로 457, 2층 (은행동)",042-365-4570
38,미소 약국,042-587-7346,34959,대전광역시 중구 서문로 133 (문화동),042-587-7345
39,햇살약국,042-226-9395,34943,대전광역시 중구 대흥로 42 (대흥동),042-226-9396
40,미래약국,042-255-8220,34857,"대전광역시 중구 선화로 9, 동성빌딩 1층 (용두동)",042-488-5647
41,대전중앙약국,042-252-9422,34832,대전광역시 중구 중앙로 153 (은행동),042-252-9423
42,은행약국,042-224-2365,34832,대전광역시 중구 중앙로 159 (은행동),042-224-2366
43,한밭제일약국,042-533-8575,34909,"대전광역시 중구 계백로 1711-1, 1층 (오류동)",
44,솔약국,042-255-8200,34944,"대전광역시 중구 중앙로16번길 23, 1층 (문화동)",
45,대선약국,042-256-5243,34811,"대전광역시 중구 목중로 31-3, 1층 (목동)",042-256-5241
46,이박사약국,042-255-7577,35041,대전광역시 중구 보문산로 404 (대사동),042-255-7559
47,화창한약국,042-242-8575,34964,"대전광역시 중구 계룡로 942, 1,2층 (대사동)",042-224-8575
48,우리약국,042-223-3007,34964,"대전광역시 중구 문화로 277, 1층 (대사동)",042-223-3009
49,이레약국,042-538-8276,34910,대전광역시 중구 계백로 1681 (오류동),0504-137-7506
50,고일약국,042-254-2500,34964,"대전광역시 중구 계룡로920번길 23, 1층 (대사동)",042-254-2501
51,글꽃약국,042-223-0216,34956,"대전광역시 중구 계백로1716번길 26, 미성프라자 204호 (문화동)",042-223-0217
52,건강백세대학약국,042-252-9111,34964,"대전광역시 중구 문화로 277, 1층 (대사동)",042-252-9112
53,행복한 약국,042-585-0153,34974,대전광역시 중구 계백로 1566 (유천동),042-585-0153
54,오룡대형약국,042-222-0666,34856,"대전광역시 중구 계룡로 809, 1층 (용두동, 동성빌딩)",
55,대전 약국,042-242-9494,34964,대전광역시 중구 문화로 279 (대사동),042-242-2828
56,삼부한솔약국,042-532-6784,34885,"대전광역시 중구 태평로 83, 108호 (태평동, 삼부스포렉스)",0504-248-4880
57,나나약국,042-255-1500,34962,"대전광역시 중구 서문로 96, 108호 (문화동, 센트럴파크2단지상가)",042-226-0724
58,바로 약국,042-254-1275,35041,대전광역시 중구 보문산로 402 (대사동),042-254-1278
59,성모사랑 약국,042-252-5122,34942,대전광역시 중구 테미로 51-22 (대흥동),
60,유천한마음 약국,042-525-8700,34900,대전광역시 중구 계백로 1597 (유천동),
61,유천프라자 약국,042-534-0486,34887,대전광역시 중구 계백로1565번길 68 (유천동),
62,대전하나로 약국,042-719-7878,35084,"대전광역시 중구 대둔산로199번길 43, 1층 (안영동)",
63,대학약국,042-222-3119,34964,"대전광역시 중구 문화로 267, 1층 (문화동)",042-586-5152
64,충남온누리 약국,042-221-0383,34964,대전광역시 중구 문화로 273 (대사동),
65,충대대령약국,042-257-0657,34964,대전광역시 중구 계룡로920번길 31 (대사동),042-253-2332
66,정문 약국,042-221-7300,34964,대전광역시 중구 문화로 279 (대사동),042-221-7303
67,한빛 약국,042-226-6425,34922,대전광역시 중구 대전천서로 449 (은행동),
68,화목한 약국,042-222-9889,34946,대전광역시 중구 계룡로 945-1 (대사동),
69,새생명 약국,042-254-7854,34942,대전광역시 중구 대흥로 72 (대흥동),
70,참편한 약국,042-222-0579,34842,대전광역시 중구 선화서로 120-2 (선화동),
71,건강드림 약국,042-586-2500,35012,대전광역시 중구 보문산로 61 (산성동),
72,봄약국,042-255-1122,35048,대전광역시 중구 대종로 299 (부사동),
73,스마일 약국,042-253-6865,35065,대전광역시 중구 대종로 169 (석교동),
74,민 약국,042-525-3375,34909,대전광역시 중구 계백로 1693 (오류동),
75,대우당 약국,042-255-8001,34832,대전광역시 중구 중앙로 173 (은행동),
76,그린약국,042-522-5614,34909,"대전광역시 중구 계백로 1709, 누리보듬아파트 112호 (오류동)",
77,한샘약국,042-223-1709,34812,대전광역시 중구 대종로 665 (중촌동),042-273-0485
78,충대빛나약국,042-226-9879,34962,대전광역시 중구 서문로 96 (문화동),
79,해오름 약국,042-222-3435,34956,"대전광역시 중구 계백로 1690 (문화동, 홈플러스)",0504-296-5117
80,임문택약국,042-523-0078,34910,대전광역시 중구 계백로 1683 (오류동),042-527-2714
81,평화약국,042-223-2288,34807,대전광역시 중구 목중로54번길 50 (중촌동),
82,유천동양약국,042-525-7599,34887,대전광역시 중구 평촌로 58 (유천동),042-538-2455
83,용약국,042-226-6852,34811,대전광역시 중구 목중로 31 (목동),
84,참솔약국,042-587-5466,34994,대전광역시 중구 문화로 54 (산성동),
85,편한약국,042-222-1023,34944,대전광역시 중구 중앙로 10 (문화동),
86,버드내약국,042-537-5556,34890,"대전광역시 중구 태평로 15, 106,107호 (태평동, 버드내마을아파트)",042-537-5557
87,대전당약국,042-256-5885,34941,대전광역시 중구 보문로 241-1 (대흥동),
88,안젤라약국,042-222-0754,34943,대전광역시 중구 대흥로66번길 36 (대흥동),
89,나래온누리약국,042-223-7573,34925,대전광역시 중구 대종로 468 (대흥동),
90,태평보령약국,042-521-3399,34892,"대전광역시 중구 유천로132번길 37, 글로리아빌딩 (태평동)",
91,수약국,042-252-7722,34917,대전광역시 중구 대흥로 105 (대흥동),
92,산성하나약국,042-582-6565,35055,"대전광역시 중구 대둔산로 390, 1층 (산성동)",
93,보명당약국,042-255-3169,35023,대전광역시 중구 대종로 313 (부사동),
94,태평성대약국,042-531-7089,34892,대전광역시 중구 동서대로 1218 (태평동),
95,경남약국,042-586-7737,34973,대전광역시 중구 계백로 1592 (유천동),
96,새봄약국,042-536-6675,34908,"대전광역시 중구 계룡로 858, 1층 (오류동)",
97,호수약국,042-581-0030,34989,대전광역시 중구 대둔산로 397 (산성동),
98,글로리약국,042-536-2343,34903,대전광역시 중구 계룡로 804 (오류동),
99,조창희 약국,042-255-3168,35023,대전광역시 중구 보문로 62 (부사동),042-255-3168
100,천사 약국,042-252-4080,34942,대전광역시 중구 대흥로66번길 19 (대흥동),
101,중앙약국,042-585-3103,35079,대전광역시 중구 보문산로 44 (산성동),
102,우리들 약국,042-286-6789,35033,대전광역시 중구 보문로 35 (문창동),
103,새길 약국,042-221-3370,34811,대전광역시 중구 목중로 31-1 (목동),042-221-3380
104,참사랑 약국,042-535-8801,34895,"대전광역시 중구 평촌로 111, 108호 (태평동, 태평아파트)",
105,문화푸른 약국,042-586-0052,35005,대전광역시 중구 천근로 40 (문화동),042-586-1052
106,태양당 약국,042-222-2343,34815,대전광역시 중구 목중로 25 (목동),
107,참조은 약국,042-255-0838,34815,대전광역시 중구 목중로25번길 5 (목동),
108,새동인당 약국,042-256-9633,34937,"대전광역시 중구 보문로 166, 1층 (대사동)",042-256-9656
109,행복한온누리 약국,042-223-9141,34868,대전광역시 중구 선화로 20 (용두동),
110,큰사랑 약국,042-254-7574,34842,대전광역시 중구 선화서로 116 (선화동),
111,바다 약국,042-535-6933,34892,대전광역시 중구 동서대로 1220 (태평동),0504-002-1883
112,프라자 약국,042-242-1002,34812,대전광역시 중구 목중로 50 (중촌동),
113,한아름약국,042-273-0055,35063,대전광역시 중구 대종로 187(석교동),
114,고려 약국,042-584-0955,34973,대전광역시 중구 계백로 1592 (유천동),042-585-0956
115,준 약국,042-253-3882,35032,대전광역시 중구 대종로 310 (부사동),
116,목양 약국,042-223-1487,34818,"대전광역시 중구 목동로 37, 107호 (목동, 목양마을아파트상가)",
117,인제당 약국,042-522-1551,35019,대전광역시 중구 과례로39번길 16 (문화동),
118,혜민 약국,042-285-4008,35036,대전광역시 중구 대종로 218 (석교동),
119,한솔 약국,042-255-2522,34832,대전광역시 중구 중앙로 149 (은행동),
120,세종약국,042-252-3864,34811,대전광역시 중구 목중로 53 (목동),
121,보문당 약국,042-254-0809,34914,대전광역시 중구 중앙로 134-1 (대흥동),
122,덕일 약국,042-525-8460,34892,대전광역시 중구 유천로142번길 6 (태평동),
123,심온누리 약국,042-527-6966,34880,대전광역시 중구 태평로 107 (태평동),
124,한사랑대흥 약국,042-223-0568,34849,"대전광역시 중구 동서대로 1388, 117호 (목동, 금호한사랑아파트 상가동)",
125,목동 한솔 약국,042-222-6007,34815,대전광역시 중구 동서대로 1403 (목동),
126,중촌 약국,042-222-6141,34813,대전광역시 중구 목중로26번길 62 (중촌동),
127,이화당 약국,042-222-0256,34944,대전광역시 중구 중앙로16번길 17 (문화동),
128,푸른뫼 약국,042-535-0339,34877,대전광역시 중구 수침로 107-1 (태평동),
129,보문산 약국,042-255-0720,35043,대전광역시 중구 보문산공원로 541 (대사동),042-255-0719
130,태전약국,042-252-2271,34832,대전광역시 중구 대종로 506 (은행동),
131,온누리 현대 약국,042-582-5921,34998,대전광역시 중구 문화로 172 (문화동),
132,종오당 약국,042-254-4374,34942,대전광역시 중구 대흥로66번길 25 (대흥동),
133,명지 약국,042-583-6864,35014,대전광역시 중구 당디로6번길 70 (문화동),
134,태경 약국,042-531-6795,34899,"대전광역시 중구 계백로 1619, 벽산프라자 102호 (유천동)",
135,제생 약국,042-585-8153,35003,대전광역시 중구 산성로 108-19 (문화동),
136,유명 약국,042-524-5586,34909,"대전광역시 중구 계백로 1717, 고려빌딩 1층 (오류동)",042-524-5586
137,광혜당약국,042-581-0708,35080,대전광역시 중구 대둔산로 363 (산성동),042-472-7080
138,대한 약국,042-252-6250,34838,대전광역시 중구 중앙로 129 (선화동),
139,세웅 약국,042-531-5656,34892,대전광역시 중구 평촌로105번길 73 (태평동),
140,계수 약국,042-283-4141,35061,대전광역시 중구 대종로 221 (석교동),
141,선진 약국,042-585-5515,34973,대전광역시 중구 계백로 1596 (유천동),042-585-5554
142,길조 약국,042-522-2440,34907,대전광역시 중구 계룡로 852 (오류동),
143,이경 약국,042-523-0185,34894,대전광역시 중구 계룡로816번길 113 (태평동),
144,대신 약국,042-584-3584,35005,대전광역시 중구 천근로 32 (문화동),
145,성민 약국,042-257-7358,35032,대전광역시 중구 문창로 3 (부사동),
146,동제 약국,042-256-9357,34926,대전광역시 중구 중교로 96 (대흥동),
147,녹십자 약국,042-256-9330,34953,대전광역시 중구 충무로 3 (대흥동),042-252-3535
148,대우 약국,042-256-1058,34838,대전광역시 중구 중앙로 125-1 (선화동),
149,오케이약국,042-286-7543,35076,대전광역시 중구 대종로 61 (옥계동),042-286-7544
150,남일 약국,042-256-4265,34814,대전광역시 중구 목중로 14 (중촌동),0504-095-7410
