순번,수거장소구분명,수거장소명,지번주소,도로명주소,행정동코드,행정동명,법정동코드,법정동명,개설자명,전화번호,비고,위도,경도,데이터기준일자
1,약국,건강약국,대전광역시 서구 가수원동 765-6,대전광역시 서구 계백로 1166-12(가수원동),3017059000,가수원동,3017011400,가수원동,윤**,,,36.3043117,127.3528777,2025-01-17
2,약국,가장약국,대전광역시 서구 가장동 45-9 가장크리닉,대전광역시 서구 도산로 286(가장동),3017057000,가장동,3017010900,가장동,이**,,,36.33197278,127.3856177,2025-01-17
3,약국,가장태평양약국,대전광역시 서구 가장동 32-23 온누리크리닉,대전광역시 서구 동서대로 1147(가장동),3017057000,가장동,3017010900,가장동,김**,,,36.32810335,127.3878309,2025-01-17
4,약국,갈마드림약국,대전광역시 서구 갈마동 393-13,대전광역시 서구 신갈마로 110-1(갈마동),3017058100,갈마1동,3017011100,갈마동,임**,,,36.34387587,127.3688336,2025-01-17
5,약국,갈마약국,대전광역시 서구 갈마동 261-14,대전광역시 서구 계룡로 353(갈마동),3017058100,갈마1동,3017011100,갈마동,이**,,,36.35371527,127.368451,2025-01-17
6,약국,기쁨가득한약국,대전광역시 서구 갈마동 394-16,대전광역시 서구 갈마로 79(갈마동),3017058200,갈마2동,3017011100,갈마동,최**,,,36.34519495,127.3698169,2025-01-17
7,약국,다정약국,대전광역시 서구 갈마동 343-45,대전광역시 서구 갈마중로 11(갈마동),3017058200,갈마2동,3017011100,갈마동,박**,,,36.34771102,127.3705182,2025-01-17
8,약국,건양건강약국,대전광역시 서구 관저동 1898,대전광역시 서구 관저동로 164(관저동),3017059600,관저1동,3017011600,관저동,최**,,,36.30687429,127.3411466,2025-01-17
9,약국,건양사랑약국,대전광역시 서구 관저동 1898,대전광역시 서구 관저동로 164(관저동),3017059600,관저1동,3017011600,관저동,차**,,,36.30687429,127.3411466,2025-01-17
10,약국,건양정문약국,대전광역시 서구 관저동 1899 건양프라자,대전광역시 서구 관저동로 162(관저동),3017059600,관저1동,3017011600,관저동,강**,,,36.30656898,127.3411443,2025-01-17
11,약국,건양행복약국,대전광역시 서구 관저동 1899,대전광역시 서구 관저동로 162,3017059600,관저1동,3017011600,관저동,김**,,,36.30656898,127.3411443,2025-01-17
12,약국,관저우리약국,대전광역시 서구 관저동 1896 건양 타워,대전광역시 서구 관저동로 170(관저동),3017059600,관저1동,3017011600,관저동,최**,,,36.30733096,127.341165,2025-01-17
13,약국,관저종로약국,대전광역시 서구 관저동 1754 월드상가,대전광역시 서구 관저북로 25(관저동),3017059600,관저1동,3017011600,관저동,유**,,,36.30397247,127.3367311,2025-01-17
14,약국,광장약국,대전광역시 서구 관저동 1781,대전광역시 서구 관저북로13번길 23-12(관저동),3017059600,관저1동,3017011600,관저동,이**,,,36.30248134,127.3354941,2025-01-17
15,약국,길조온누리약국,대전광역시 서구 관저동 1752 봉우타워,대전광역시 서구 도안남로 148(관저동),3017059600,관저1동,3017011600,관저동,이**,,,36.30433611,127.3366952,2025-01-17
16,약국,더관저우리들약국,대전광역시 서구 관저동 1727,대전광역시 서구 도안대로 25(관저동),3017059600,관저1동,3017011600,관저동,연**,,,36.30382034,127.334392,2025-01-17
17,약국,365스마일약국,대전광역시 서구 관저동 1952-3,대전광역시 서구 관저로 27(관저동),3017059700,관저2동,3017011600,관저동,강**,,,36.29678769,127.3261351,2025-01-17
18,약국,관저길약국,대전광역시 서구 관저동 1546,대전광역시 서구 구봉로 121(관저동),3017059700,관저2동,3017011600,관저동,최**,,,36.29669992,127.3363467,2025-01-17
19,약국,관저온누리약국,대전광역시 서구 관저동 1105 메디컬센터,대전광역시 서구 관저중로 72(관저동),3017059700,관저2동,3017011600,관저동,이**,,,36.29860058,127.3352988,2025-01-17
20,약국,구름약국,대전광역시 서구 관저동 1541,대전광역시 서구 구봉로 137,3017059700,관저2동,3017011600,관저동,김**,,,36.29672772,127.3381544,2025-01-17
21,약국,구봉온누리약국,대전광역시 서구 관저동 1148 구봉마을 8단지,"대전광역시 서구 관저로 84(관저동, 구봉마을 8단지)",3017059700,관저2동,3017011600,관저동,강**,,,36.2975384,127.3315668,2025-01-17
22,약국,나라약국,대전광역시 서구 관저동 1405,대전광역시 서구 관저로 172(관저동),3017059700,관저2동,3017011600,관저동,신**,,,36.29875901,127.3409377,2025-01-17
23,약국,나의라임약국,대전광역시 서구 관저동 1008 리틀파워존,대전광역시 서구 관저중로 98(관저동),3017059700,관저2동,3017011600,관저동,류**,,,36.30091078,127.3354197,2025-01-17
24,약국,느리울약국,대전광역시 서구 관저동 1544,대전광역시 서구 구봉로 125(관저동),3017059700,관저2동,3017011600,관저동,석**,,,36.29670382,127.3369465,2025-01-17
25,약국,늘사랑약국,대전광역시 서구 관저동 1112,대전광역시 서구 관저중로95번길 57(관저동),3017059700,관저2동,3017011600,관저동,김**,,,36.30107911,127.3316448,2025-01-17
26,약국,대전온누리약국,대전광역시 서구 관저동 1415 관저빌딩,대전광역시 서구 관저동로 88(관저동),3017059700,관저2동,3017011600,관저동,엄**,,,36.30002357,127.3410254,2025-01-17
27,약국,더좋은약국,대전광역시 서구 관저동 1952-5,대전광역시 서구 관저로 23,3017059700,관저2동,3017011600,관저동,정**,,,36.29638535,127.3259883,2025-01-17
28,약국,더좋은약국,대전광역시 서구 관저동 1952-5,대전광역시 서구 관저로 23,3017059700,관저2동,3017011600,관저동,조**,,,36.29638535,127.3259883,2025-01-17
29,약국,괴정약국,대전광역시 서구 괴정동 78-18,대전광역시 서구 괴정로 106(괴정동),3017056000,괴정동,3017010800,괴정동,정**,,,36.33813455,127.3845342,2025-01-17
30,약국,다사랑약국,대전광역시 서구 괴정동 423-5 허리사랑병원,대전광역시 서구 계룡로 618(괴정동),3017056000,괴정동,3017010800,괴정동,김**,,,36.33961045,127.3908007,2025-01-17
31,약국,기성약국,대전광역시 서구 흑석동 884,대전광역시 서구 벌곡로 653-1(흑석동),3017060000,기성동,3017011700,흑석동,도**,,,36.25485872,127.3409192,2025-01-17
32,약국,구인당약국,대전광역시 서구 내동 28-20,대전광역시 서구 동서대로 1016(내동),3017057500,내동,3017011000,내동,구**,,,36.33211702,127.3745766,2025-01-17
33,약국,내동우리약국,대전광역시 서구 내동 160-17,대전광역시 서구 동서대로 981(내동),3017057500,내동,3017011000,내동,염**,,,36.33435501,127.3714854,2025-01-17
34,약국,대영온누리약국,대전광역시 서구 도마동 50-14,대전광역시 서구 배재로 156(도마동),3017052000,도마1동,3017010300,도마동,남**,,,36.32227606,127.3704716,2025-01-17
35,약국,도마태평양약국,대전광역시 서구 도마동 24-19,대전광역시 서구 배재로 182-1(도마동),3017052000,도마1동,3017010300,도마동,김**,,,36.32476074,127.3706043,2025-01-17
36,약국,도마프라자약국,대전광역시 서구 도마동 174-4,대전광역시 서구 도산로 45(도마동),3017052000,도마1동,3017010300,도마동,이**,,,36.31268066,127.3803682,2025-01-17
37,약국,도마솔약국,대전광역시 서구 도마동 145-18 도마정형외과,대전광역시 서구 도산로 63(도마동),3017053000,도마2동,3017010300,도마동,박**,,,36.31414707,127.3792316,2025-01-17
38,약국,도마약국,대전광역시 서구 도마동 185-25,대전광역시 서구 계백로 1410(도마동),3017053000,도마2동,3017010300,도마동,장**,,,36.31205207,127.3783003,2025-01-17
39,약국,도마조아약국,대전광역시 서구 도마동 194-1,대전광역시 서구 배재로 175(도마동),3017053000,도마2동,3017010300,도마동,임**,,,36.32414765,127.3701163,2025-01-17
40,약국,도토리약국,대전광역시 서구 도마동 172-15,대전광역시 서구 도산로 51(도마동),3017053000,도마2동,3017010300,도마동,최**,,,36.31330796,127.3795775,2025-01-17
41,약국,가수원프라자약국,대전광역시 서구 도안동 1782,대전광역시 서구 계백로 1141(도안동),3017059300,도안동,3017011500,도안동,박**,,,36.30480344,127.350041,2025-01-17
42,약국,그린약국,대전광역시 서구 도안동 1478,대전광역시 서구 도안중로 306(도안동),3017059300,도안동,3017011500,도안동,김**,,,36.31261415,127.3507201,2025-01-17
43,약국,도안종로한약국,대전광역시 서구 도안동 854,대전광역시 서구 동서대로 696(도안동),3017059300,도안동,3017011500,도안동,윤**,,,36.33182167,127.340203,2025-01-17
44,약국,21세기약국,대전광역시 서구 둔산동 1380-2 홈플러스대전둔산점,대전광역시 서구 문예로 107(둔산동),3017063000,둔산1동,3017011200,둔산동,박**,,,36.35632919,127.3872426,2025-01-17
45,약국,건강플러스약국,대전광역시 서구 둔산동 1380-1 아너스빌오피스텔,대전광역시 서구 둔산북로 121(둔산동),3017063000,둔산1동,3017011200,둔산동,성**,,,36.35632919,127.3872426,2025-01-17
46,약국,누리약국,대전광역시 서구 둔산동 1508,대전광역시 서구 문예로 69(둔산동),3017063000,둔산1동,3017011200,둔산동,양**,,,36.3529017,127.3898621,2025-01-17
47,약국,누리약국,대전광역시 서구 둔산동 1508,대전광역시 서구 문예로 69(둔산동),3017063000,둔산1동,3017011200,둔산동,김**,,,36.3529017,127.3898621,2025-01-17
48,약국,다나약국,대전광역시 서구 둔산동 1411 연당빌딩,대전광역시 서구 둔산로 121(둔산동),3017063000,둔산1동,3017011200,둔산동,이**,,,36.35158638,127.3874156,2025-01-17
49,약국,갤러리비타민약국,대전광역시 서구 둔산동 1040 미래빌딩,대전광역시 서구 대덕대로 203(둔산동),3017064000,둔산2동,3017011200,둔산동,송**,,,36.35124288,127.377866,2025-01-17
50,약국,경보약국,대전광역시 서구 둔산동 1272,대전광역시 서구 둔산로 67(둔산동),3017064000,둔산2동,3017011200,둔산동,김**,,,36.35156849,127.3812924,2025-01-17
51,약국,고운약국,대전광역시 서구 둔산동 1043,대전광역시 서구 대덕대로 195(둔산동),3017064000,둔산2동,3017011200,둔산동,정**,,,36.35075161,127.3775921,2025-01-17
52,약국,늘푸른약국,대전광역시 서구 둔산동 1339,대전광역시 서구 대덕대로242번길 26(둔산동),3017064000,둔산2동,3017011200,둔산동,김**,,,36.35413491,127.3809649,2025-01-17
53,약국,더타임약국,대전광역시 서구 둔산동 988,대전광역시 서구 둔산로31번길 21(둔산동),3017064000,둔산2동,3017011200,둔산동,박**,,,36.35269441,127.3772639,2025-01-17
54,약국,더희망약국,대전광역시 서구 둔산동 1268,대전광역시 서구 둔산로 77(둔산동),3017064000,둔산2동,3017011200,둔산동,오**,,,36.35156549,127.3825715,2025-01-17
55,약국,도담약국,대전광역시 서구 둔산동 1046,대전광역시 서구 대덕대로 189(둔산동),3017064000,둔산2동,3017011200,둔산동,김**,,,36.35024466,127.3772627,2025-01-17
56,약국,도아약국,대전광역시 서구 둔산동 939 매그놀리아,대전광역시 서구 청사로 148(둔산동),3017064000,둔산2동,3017011200,둔산동,조**,,,36.35946085,127.3803147,2025-01-17
57,약국,광혜당약국,대전광역시 서구 변동 31-59,대전광역시 서구 도산로 200(변동),3017054000,변동,3017010200,변동,석**,,,36.32601364,127.3798208,2025-01-17
58,약국,누리태평양약국,대전광역시 서구 용문동 263-1,대전광역시 서구 도산로 354(용문동),3017055000,용문동,3017010500,용문동,강**,,,36.33627044,127.3909864,2025-01-17
59,약국,동민약국,대전광역시 서구 용문동 256-31,대전광역시 서구 계룡로 662-1(용문동),3017055000,용문동,3017010500,용문동,박**,,,36.33695778,127.3944942,2025-01-17
60,약국,대전프라자약국,대전광역시 서구 월평동 256,대전광역시 서구 월평북로 82(월평동),3017058700,월평2동,3017011300,월평동,이**,,,36.36202129,127.3772924,2025-01-17
61,약국,남화약국,대전광역시 서구 월평동 311-1 하나로아파트,"대전광역시 서구 청사로 5(월평동, 하나로아파트)",3017058800,월평3동,3017011300,월평동,전**,,,36.36217019,127.3665738,2025-01-17
62,약국,굿모닝약국,대전광역시 서구 정림동 505,대전광역시 서구 계백로 1280(정림동),3017053500,정림동,3017010400,정림동,이**,,,36.30751944,127.3651004,2025-01-17
63,약국,늘조은약국,대전광역시 서구 정림동 592,대전광역시 서구 정림로 62-1(정림동),3017053500,정림동,3017010400,정림동,이**,,,36.30593464,127.3654196,2025-01-17
64,약국,대청건강약국,대전광역시 서구 정림동 산30-15,대전광역시 서구 혜천로 15(정림동),3017053500,정림동,3017010400,정림동,정**,,,36.30813094,127.3698908,2025-01-17
65,약국,대청정문약국,대전광역시 서구 정림동 산30-15,대전광역시 서구 혜천로 15(정림동),3017053500,정림동,3017010400,정림동,정**,,,36.30813094,127.3698908,2025-01-17
66,약국,검지약국,대전광역시 서구 탄방동 660,대전광역시 서구 계룡로553번길 72(탄방동),3017055500,탄방동,3017010600,탄방동,고**,,,36.34614537,127.3854314,2025-01-17
67,약국,나음약국,대전광역시 서구 탄방동 1032,대전광역시 서구 문정로 144(탄방동),3017055500,탄방동,3017010600,탄방동,문*,,,36.34696,127.3954252,2025-01-17
68,약국,누리샤크존약국,대전광역시 서구 탄방동 590 샤크존,대전광역시 서구 둔산중로 19(탄방동),3017055500,탄방동,3017010600,탄방동,이**,,,36.348221,127.3861704,2025-01-17
69,약국,뉴굿모닝약국,대전광역시 서구 탄방동 90-2,대전광역시 서구 계룡로 607(탄방동),3017055500,탄방동,3017010600,탄방동,연**,,,36.34091936,127.3908693,2025-01-17
70,약국,대전조이약국,대전광역시 서구 탄방동 672 조이빌딩,대전광역시 서구 계룡로553번길 18(탄방동),3017055500,탄방동,3017010600,탄방동,안**,,,36.34365729,127.3855519,2025-01-17
71,약국,동해약국,대전광역시 서구 탄방동 598,대전광역시 서구 문정로 32(탄방동),3017055500,탄방동,3017010600,탄방동,고**,,,36.34639274,127.3830779,2025-01-17
72,약국,대동한약국,대전광역시 서구 괴정동 89-52,대전광역시 서구 갈마로261번길 35,3017056000,괴정동,3017010800,괴정동,박**,,,36.33421688,127.3837998,2025-01-17
73,약국,대전마더스약국,대전광역시 서구 둔산동 1809,대전광역시 서구 둔산로 201,3017066000,둔산3동,3017011200,둔산동,김**,,,36.35395384,127.3974346,2025-01-17
74,약국,동화약국,대전광역시 서구 관저동 1340,대전광역시 서구 관저로 157,3017059700,관저2동,3017011600,관저동,김**,,,36.29932268,127.3397725,2025-01-17
75,약국,둔산건강약국,대전광역시 서구 둔산동 963,대전광역시 서구 둔산북로 36,3017064000,둔산2동,3017011200,둔산동,윤**,,,36.35545201,127.3783737,2025-01-17
76,약국,둔산대형약국,대전광역시 서구 둔산동 1500,대전광역시 서구 문예로 41,3017063000,둔산1동,3017011200,둔산동,송**,,,36.35043392,127.3898356,2025-01-17
77,약국,둔산드림팜약국,대전광역시 서구 갈마동 1043,대전광역시 서구 대덕대로167번길 5,3017058200,갈마2동,3017011100,갈마동,이**,,,36.34841013,127.3759798,2025-01-17
78,약국,둔산성모약국,대전광역시 서구 둔산동 1500-1,대전광역시 서구 문예로 43,3017063000,둔산1동,3017011200,둔산동,박**,,,36.3506038,127.3898342,2025-01-17
79,약국,둔산시온약국,대전광역시 서구 둔산동 1126,대전광역시 서구 대덕대로176번길 9,3017064000,둔산2동,3017011200,둔산동,오**,,,36.34870583,127.3776846,2025-01-17
80,약국,둔산을지약국,대전광역시 서구 둔산동 1307,대전광역시 서구 대덕대로242번길 48,3017064000,둔산2동,3017011200,둔산동,오**,,,36.35410989,127.382253,2025-01-17
81,약국,둔산태평양약국,대전광역시 서구 둔산동 1166,대전광역시 서구 대덕대로 202,3017064000,둔산2동,3017011200,둔산동,고**,,,36.35082777,127.378643,2025-01-17
82,약국,둔산프라자약국,대전광역시 서구 둔산동 1505,대전광역시 서구 문예로 63,3017063000,둔산1동,3017011200,둔산동,김**,,,36.35230324,127.3898617,2025-01-17
83,약국,둔산하늘약국,대전광역시 서구 둔산동 1419,대전광역시 서구 둔산중로 38,3017063000,둔산1동,3017011200,둔산동,조**,,,36.3499618,127.3872313,2025-01-17
84,약국,둔산한솔약국,대전광역시 서구 둔산동 1419,대전광역시 서구 둔산중로 38,3017063000,둔산1동,3017011200,둔산동,송**,,,36.3499618,127.3872313,2025-01-17
85,약국,둔산행복한약국,대전광역시 서구 둔산동 1367,대전광역시 서구 대덕대로 238,3017064000,둔산2동,3017011200,둔산동,장**,,,36.35411427,127.3799767,2025-01-17
86,약국,드림약국,대전광역시 서구 도안동 1364,대전광역시 서구 도안동로 177,3017059300,도안동,3017011500,도안동,이**,,,36.31964985,127.3458955,2025-01-17
87,약국,들뫼풀한약국,대전광역시 서구 도마동 134-69,대전광역시 서구 도마2길 59,3017052000,도마1동,3017010300,도마동,성**,,,36.31490153,127.3824311,2025-01-17
88,약국,라임약국,대전광역시 서구 둔산동 1501,대전광역시 서구 둔산로 144,3017063000,둔산1동,3017011200,둔산동,김**,,,36.35098585,127.3898491,2025-01-17
89,약국,래미안종로약국,대전광역시 서구 가장동 55,대전광역시 서구 가장로 106,3017057000,가장동,3017010900,가장동,우**,,,36.33354782,127.3839766,2025-01-17
90,약국,롯데약국,대전광역시 서구 내동 220,대전광역시 서구 신갈마로 46,3017057500,내동,3017011000,내동,박**,,,36.33887901,127.3676097,2025-01-17
91,약국,마더스약국,대전광역시 서구 둔산동 959-2,대전광역시 서구 둔산북로 41,3017064000,둔산2동,3017011200,둔산동,강**,,,36.35635036,127.3781844,2025-01-17
92,약국,마음편한약국,대전광역시 서구 둔산동 1398,대전광역시 서구 둔산중로 74,3017063000,둔산1동,3017011200,둔산동,박**,,,36.35330629,127.3871014,2025-01-17
93,약국,마치약국,대전광역시 서구 관저동 1513,대전광역시 서구 구봉로131번길 49,3017059700,관저2동,3017011600,관저동,장**,,,36.29853308,127.3371568,2025-01-17
94,약국,만년약국,대전광역시 서구 만년동 267,대전광역시 서구 만년남로 7,3017065000,만년동,3017012800,만년동,구**,,,36.36586013,127.3764855,2025-01-17
95,약국,맑디맑은약국,대전광역시 서구 월평동 510,대전광역시 서구 한밭대로 580,3017058600,월평1동,3017011300,월평동,최**,,,36.35760042,127.3630029,2025-01-17
96,약국,맑은샘약국,대전광역시 서구 내동 10-1,대전광역시 서구 도산로253번길 45,3017057500,내동,3017011000,내동,김**,,,36.33139171,127.3807804,2025-01-17
97,약국,매일약국,대전광역시 서구 도마동 127-7,대전광역시 서구 도산로 91,3017053000,도마2동,3017010300,도마동,조**,,,36.31665595,127.3782655,2025-01-17
98,약국,메디팜국화당약국,대전광역시 서구 둔산동 1809,대전광역시 서구 둔산로 201,3017066000,둔산3동,3017011200,둔산동,장**,,,36.35395384,127.3974346,2025-01-17
99,약국,메디팜보령약국,대전광역시 서구 둔산동 1873,대전광역시 서구 문정로 178,3017066000,둔산3동,3017011200,둔산동,양**,,,36.35002105,127.3954987,2025-01-17
100,약국,메디팜선심약국,대전광역시 서구 갈마동 293-1,대전광역시 서구 계룡로 356,3017058100,갈마1동,3017011100,갈마동,이**,,,36.35322811,127.3680979,2025-01-17
101,약국,메디팜우리약국,대전광역시 서구 탄방동 664,대전광역시 서구 계룡로553번길 60,3017055500,탄방동,3017010600,탄방동,박**,,,36.34551149,127.3855683,2025-01-17
102,약국,메디팜우리약국,대전광역시 서구 탄방동 664,대전광역시 서구 계룡로553번길 60,3017055500,탄방동,3017010600,탄방동,조**,,,36.34551149,127.3855683,2025-01-17
103,약국,메디팜유명약국,대전광역시 서구 도안동 1778,대전광역시 서구 계백로 1135,3017059300,도안동,3017011500,도안동,김**,,,36.30473145,127.3495129,2025-01-17
104,약국,메디팜큰사랑약국,대전광역시 서구 월평동 911,대전광역시 서구 월평로 58,3017058600,월평1동,3017011300,월평동,이**,,,36.35596755,127.3633684,2025-01-17
105,약국,모닝약국,대전광역시 서구 월평동 234,대전광역시 서구 월평북로 79,3017058700,월평2동,3017011300,월평동,이**,,,36.36245573,127.3770994,2025-01-17
106,약국,목화약국,대전광역시 서구 복수동 274-1,대전광역시 서구 복수서로 50,3017051000,복수동,3017010100,복수동,도**,,,36.30790331,127.3758144,2025-01-17
107,약국,문성온누리약국,대전광역시 서구 둔산동 1846,대전광역시 서구 둔산로 232,3017066000,둔산3동,3017011200,둔산동,석**,,,36.35104787,127.399637,2025-01-17
108,약국,미라클약국,대전광역시 서구 둔산동 1169,대전광역시 서구 둔산로 52,3017064000,둔산2동,3017011200,둔산동,임**,,,36.3510562,127.3797274,2025-01-17
109,약국,미래수약국,대전광역시 서구 관저동 1130,대전광역시 서구 관저로 83,3017059700,관저2동,3017011600,관저동,윤**,,,36.29983467,127.3325835,2025-01-17
110,약국,미래조이약국,대전광역시 서구 둔산동 1127,대전광역시 서구 대덕대로176번길 15,3017064000,둔산2동,3017011200,둔산동,홍**,,,36.34843726,127.3780059,2025-01-17
111,약국,미소약국,대전광역시 서구 괴정동 91-21,대전광역시 서구 갈마로 245,3017056000,괴정동,3017010800,괴정동,김**,,,36.33411955,127.3814661,2025-01-17
112,약국,미소온누리약국,대전광역시 서구 탄방동 641,대전광역시 서구 문정로40번길 64,3017055500,탄방동,3017010600,탄방동,김**,,,36.34372408,127.3834471,2025-01-17
113,약국,바른약국,대전광역시 서구 탄방동 91-23,대전광역시 서구 계룡로 599,3017055500,탄방동,3017010600,탄방동,김**,,,36.34136644,127.3902346,2025-01-17
114,약국,박효정약국,대전광역시 서구 만년동 1-1,대전광역시 서구 만년로 45,3017065000,만년동,3017012800,만년동,박**,,,36.36827115,127.3780196,2025-01-17
115,약국,밝은365약국,대전광역시 서구 괴정동 5-5,대전광역시 서구 계룡로 582,3017056000,괴정동,3017010800,괴정동,신**,,,36.34173836,127.3880185,2025-01-17
116,약국,백제약국,대전광역시 서구 갈마동 407,대전광역시 서구 신갈마로 102,3017058100,갈마1동,3017011100,갈마동,박**,,,36.34267094,127.369086,2025-01-17
117,약국,벨라약국,대전광역시 서구 관저동 1958-4,대전광역시 서구 관저로 13,3017059700,관저2동,3017011600,관저동,이**,,,36.29549706,127.3256229,2025-01-17
118,약국,별약국,대전광역시 서구 도마동 23-32,대전광역시 서구 배재로 196,3017052000,도마1동,3017010300,도마동,윤**,,,36.32592155,127.3706913,2025-01-17
119,약국,보령당약국,대전광역시 서구 도마동 144-14,대전광역시 서구 도산로 74,3017052000,도마1동,3017010300,도마동,오**,,,36.3151171,127.3794295,2025-01-17
120,약국,보령온누리약국,대전광역시 서구 둔산동 1423,대전광역시 서구 둔산남로 85,3017063000,둔산1동,3017011200,둔산동,김**,,,36.34931194,127.3870971,2025-01-17
121,약국,보름달약국,대전광역시 서구 탄방동 835,대전광역시 서구 문정로 131,3017055500,탄방동,3017010600,탄방동,김*,,,36.3478608,127.3938195,2025-01-17
122,약국,보리약국,대전광역시 서구 둔산동 949,대전광역시 서구 한밭대로 745,3017064000,둔산2동,3017011200,둔산동,진**,,,36.35833396,127.3817452,2025-01-17
123,약국,봄약국,대전광역시 서구 변동 14-37,대전광역시 서구 동서대로 1072,3017054000,변동,3017010200,변동,박**,,,36.32917797,127.3797298,2025-01-17
124,약국,블루밍약국,대전광역시 서구 내동 17-11,대전광역시 서구 도산로253번길 51,3017057500,내동,3017011000,내동,정**,,,36.33147961,127.3804294,2025-01-17
125,약국,비엔씨약국,대전광역시 서구 둔산동 1109,대전광역시 서구 대덕대로 183,3017064000,둔산2동,3017011200,둔산동,유**,,,36.34968472,127.3769883,2025-01-17
126,약국,비전약국,대전광역시 서구 도마동 175-8,대전광역시 서구 계백로 1440,3017052000,도마1동,3017010300,도마동,이**,,,36.31322841,127.3811278,2025-01-17
127,약국,비타민약국,대전광역시 서구 복수동 280,대전광역시 서구 복수북로 42,3017051000,복수동,3017010100,복수동,임**,,,36.30753736,127.3745718,2025-01-17
128,약국,사랑약국,대전광역시 서구 갈마동 386-7,대전광역시 서구 신갈마로 133,3017058100,갈마1동,3017011100,갈마동,정**,,,36.3455325,127.3682191,2025-01-17
129,약국,산들약국,대전광역시 서구 둔산동 1818,대전광역시 서구 둔산로 210-1,3017066000,둔산3동,3017011200,둔산동,이**,,,36.35104281,127.397289,2025-01-17
130,약국,삼일약국,대전광역시 서구 월평동 540,대전광역시 서구 월평중로 36,3017058600,월평1동,3017011300,월평동,허**,,,36.35790415,127.3641772,2025-01-17
131,약국,상록약국,대전광역시 서구 둔산동 908,대전광역시 서구 청사로 281,3017064000,둔산2동,3017011200,둔산동,김**,,,36.36131161,127.3933064,2025-01-17
132,약국,상명약국,대전광역시 서구 괴정동 91-5,대전광역시 서구 갈마로 259,3017056000,괴정동,3017010800,괴정동,최**,,,36.33345831,127.3829181,2025-01-17
133,약국,상아약국,대전광역시 서구 둔산동 1082,대전광역시 서구 둔산로 14,3017064000,둔산2동,3017011200,둔산동,김**,,,36.35217532,127.3753798,2025-01-17
134,약국,새로운대학약국,대전광역시 서구 관저동 1899,대전광역시 서구 관저동로 162,3017059600,관저1동,3017011600,관저동,전**,,,36.30656898,127.3411443,2025-01-17
135,약국,새봄약국,대전광역시 서구 둔산동 1452,대전광역시 서구 둔산로 134,3017063000,둔산1동,3017011200,둔산동,하**,,,36.35097964,127.3886279,2025-01-17
136,약국,새봄약국,대전광역시 서구 둔산동 1452,대전광역시 서구 둔산로 134,3017063000,둔산1동,3017011200,둔산동,김**,,,36.35097964,127.3886279,2025-01-17
137,약국,새천년약국,대전광역시 서구 내동 8-28,대전광역시 서구 도산로 235,3017057500,내동,3017011000,내동,조**,,,36.32905178,127.3813784,2025-01-17
138,약국,서부실로암약국,대전광역시 서구 도마동 172-15,대전광역시 서구 도산로 51,3017053000,도마2동,3017010300,도마동,정**,,,36.31330796,127.3795775,2025-01-17
139,약국,서울약국,대전광역시 서구 도마동 173-1,대전광역시 서구 계백로 1426,3017053000,도마2동,3017010300,도마동,주**,,,36.31257799,127.3797805,2025-01-17
140,약국,서울온누리약국,대전광역시 서구 둔산동 1143,대전광역시 서구 문정로 7,3017064000,둔산2동,3017011200,둔산동,이**,,,36.34545325,127.3806293,2025-01-17
141,약국,서정약국,대전광역시 서구 도마동 188-7,대전광역시 서구 계백로 1400,3017053000,도마2동,3017010300,도마동,이**,,,36.31143737,127.3773055,2025-01-17
142,약국,선사온누리약국,대전광역시 서구 월평동 273,대전광역시 서구 청사로 121,3017058700,월평2동,3017011300,월평동,박**,,,36.36008344,127.3772823,2025-01-17
143,약국,선사일등약국,대전광역시 서구 월평동 271,대전광역시 서구 청사서로 26,3017058700,월평2동,3017011300,월평동,박**,,,36.36010927,127.3769492,2025-01-17
144,약국,선사프라임약국,대전광역시 서구 월평동 282-3,대전광역시 서구 청사로 128,3017058700,월평2동,3017011300,월평동,김**,,,36.35949585,127.3778322,2025-01-17
145,약국,선사프라임약국,대전광역시 서구 월평동 282-3,대전광역시 서구 청사로 128,3017058700,월평2동,3017011300,월평동,김**,,,36.35949585,127.3778322,2025-01-17
146,약국,선화한약국,대전광역시 서구 월평동 19,대전광역시 서구 계룡로264번길 4,3017058600,월평1동,3017011300,월평동,이**,,,36.35196244,127.3593225,2025-01-17
147,약국,성모약국,대전광역시 서구 도마동 175-1,대전광역시 서구 계백로 1442,3017052000,도마1동,3017010300,도마동,양**,,,36.31338328,127.3813411,2025-01-17
148,약국,성원약국,대전광역시 서구 탄방동 699,대전광역시 서구 문정로 62,3017055500,탄방동,3017010600,탄방동,주*,,,36.34644239,127.3861603,2025-01-17
149,약국,세란약국,대전광역시 서구 둔산동 1039,대전광역시 서구 둔산로 34,3017064000,둔산2동,3017011200,둔산동,박**,,,36.35137777,127.3775285,2025-01-17
150,약국,세원약국,대전광역시 서구 가수원동 762,대전광역시 서구 가수원로 106,3017059000,가수원동,3017011400,가수원동,최**,,,36.30401473,127.3507771,2025-01-17
151,약국,수약국,대전광역시 서구 둔산동 1163,대전광역시 서구 대덕대로 194,3017064000,둔산2동,3017011200,둔산동,소**,,,36.35015758,127.3782108,2025-01-17
152,약국,수정약국,대전광역시 서구 둔산동 909,대전광역시 서구 청사로 282,3017064000,둔산2동,3017011200,둔산동,이**,,,36.35908997,127.397197,2025-01-17
153,약국,스마일약국,대전광역시 서구 둔산동 1494,대전광역시 서구 둔산남로 107,3017063000,둔산1동,3017011200,둔산동,구**,,,36.3492911,127.3895186,2025-01-17
154,약국,스마트약국,대전광역시 서구 갈마동 1435,대전광역시 서구 대덕대로 164,3017058200,갈마2동,3017011100,갈마동,이**,,,36.3476685,127.3766542,2025-01-17
155,약국,스타약국,대전광역시 서구 관저동 1540,대전광역시 서구 구봉로 139,3017059700,관저2동,3017011600,관저동,김**,,,36.29673351,127.3385265,2025-01-17
156,약국,승보약국,대전광역시 서구 탄방동 81-12,대전광역시 서구 계룡로 633,3017055500,탄방동,3017010600,탄방동,정**,,,36.33907351,127.3928668,2025-01-17
157,약국,시정약국,대전광역시 서구 변동 30-14,대전광역시 서구 도산로 197,3017054000,변동,3017010200,변동,정**,,,36.32606309,127.3791196,2025-01-17
158,약국,시청비타민약국,대전광역시 서구 둔산동 1413,대전광역시 서구 둔산중로 50,3017063000,둔산1동,3017011200,둔산동,변**,,,36.35100866,127.3871302,2025-01-17
159,약국,시티약국,대전광역시 서구 둔산동 1179,대전광역시 서구 둔산로 76,3017064000,둔산2동,3017011200,둔산동,이**,,,36.35101648,127.382237,2025-01-17
160,약국,신보건약국,대전광역시 서구 만년동 342,대전광역시 서구 만년로 78,3017065000,만년동,3017012800,만년동,서**,,,36.36708867,127.3814367,2025-01-17
161,약국,신영흥약국,대전광역시 서구 용문동 276-3,대전광역시 서구 도산로 353,3017055000,용문동,3017010500,용문동,최**,,,36.33658824,127.3906684,2025-01-17
162,약국,실로암약국,대전광역시 서구 관저동 1348,대전광역시 서구 관저로 164,3017059700,관저2동,3017011600,관저동,지**,,,36.29872414,127.339988,2025-01-17
163,약국,아르누보수약국,대전광역시 서구 탄방동 707,대전광역시 서구 둔산중로 20,3017055500,탄방동,3017010600,탄방동,김**,,,36.34839992,127.3872183,2025-01-17
164,약국,아은약국,대전광역시 서구 변동 49-8,대전광역시 서구 도산로 176,3017054000,변동,3017010200,변동,손**,,,36.32402945,127.3788756,2025-01-17
165,약국,애플약국,대전광역시 서구 둔산동 1110,대전광역시 서구 대덕대로 179,3017064000,둔산2동,3017011200,둔산동,장**,,,36.34941901,127.3768049,2025-01-17
166,약국,약손약국,대전광역시 서구 월평동 218,대전광역시 서구 월평북로 11,3017058700,월평2동,3017011300,월평동,김**,,,36.36382471,127.3690148,2025-01-17
167,약국,엄마곰약국,대전광역시 서구 탄방동 87-19,대전광역시 서구 계룡로615번길 51,3017055500,탄방동,3017010600,탄방동,이**,,,36.34184816,127.3930815,2025-01-17
168,약국,엄지약국,대전광역시 서구 용문동 589-11,대전광역시 서구 계룡로 628,3017055000,용문동,3017010500,용문동,김**,,,36.33915064,127.3917732,2025-01-17
169,약국,연세코끼리약국,대전광역시 서구 탄방동 90-7,대전광역시 서구 계룡로 613,3017055500,탄방동,3017010600,탄방동,이**,,,36.34041529,127.3911313,2025-01-17
170,약국,연일약국,대전광역시 서구 둔산동 1839,대전광역시 서구 둔산로 228,3017066000,둔산3동,3017011200,둔산동,이**,,,36.35104998,127.3990337,2025-01-17
171,약국,연합수약국,대전광역시 서구 관저동 1757,대전광역시 서구 관저북로 15,3017059600,관저1동,3017011600,관저동,송**,,,36.3032345,127.3367278,2025-01-17
172,약국,연합약국,대전광역시 서구 탄방동 90-1,대전광역시 서구 계룡로 605,3017055500,탄방동,3017010600,탄방동,이**,,,36.34117768,127.3908581,2025-01-17
173,약국,연합약국,대전광역시 서구 탄방동 90-1,대전광역시 서구 계룡로 605,3017055500,탄방동,3017010600,탄방동,전**,,,36.34117768,127.3908581,2025-01-17
174,약국,열린약국,대전광역시 서구 관저동 984-2,대전광역시 서구 관저북로 78,3017059600,관저1동,3017011600,관저동,유**,,,36.30862725,127.337343,2025-01-17
175,약국,예인당한약국,대전광역시 서구 관저동 1408,대전광역시 서구 관저로 176,3017059700,관저2동,3017011600,관저동,장**,,,36.29878277,127.3415186,2025-01-17
176,약국,오라클약국,대전광역시 서구 둔산동 1160,대전광역시 서구 대덕대로 182,3017064000,둔산2동,3017011200,둔산동,이**,,,36.34926581,127.3776882,2025-01-17
177,약국,오렌지약국,대전광역시 서구 괴정동 423-4,대전광역시 서구 계룡로 616,3017056000,괴정동,3017010800,괴정동,김**,,,36.33983331,127.3907742,2025-01-17
178,약국,온누리약국,대전광역시 서구 가수원동 794-8,대전광역시 서구 계백로1158번길 114,3017059000,가수원동,3017011400,가수원동,정**,,,36.30002848,127.3543979,2025-01-17
179,약국,온약국,대전광역시 서구 만년동 294,대전광역시 서구 대덕대로 396,3017065000,만년동,3017012800,만년동,전**,,,36.36819907,127.3800029,2025-01-17
180,약국,올리브약국,대전광역시 서구 월평동 248,대전광역시 서구 월평북로 88,3017058700,월평2동,3017011300,월평동,빈**,,,36.3619872,127.3779269,2025-01-17
181,약국,옵티마진명약국,대전광역시 서구 변동 61-6,대전광역시 서구 도산로 159,3017054000,변동,3017010200,변동,허**,,,36.32276859,127.3777455,2025-01-17
182,약국,우남웰약국,대전광역시 서구 둔산동 1041,대전광역시 서구 대덕대로 199,3017064000,둔산2동,3017011200,둔산동,박**,,,36.35104714,127.3777807,2025-01-17
183,약국,우리들약국,대전광역시 서구 탄방동 83-11,대전광역시 서구 계룡로 621,3017055500,탄방동,3017010600,탄방동,허**,,,36.33994532,127.3918206,2025-01-17
184,약국,우리약국,대전광역시 서구 둔산동 1419,대전광역시 서구 둔산중로 38,3017063000,둔산1동,3017011200,둔산동,김**,,,36.3499618,127.3872313,2025-01-17
185,약국,우리팜약국,대전광역시 서구 둔산동 1034,대전광역시 서구 대덕대로 219,3017064000,둔산2동,3017011200,둔산동,이**,,,36.35265201,127.3787299,2025-01-17
186,약국,우성약국,대전광역시 서구 정림동 589,대전광역시 서구 정림동로5번길 23,3017053500,정림동,3017010400,정림동,김**,,,36.30553601,127.3656972,2025-01-17
187,약국,원앙약국,대전광역시 서구 관저동 999-5,대전광역시 서구 관저북로 12,3017059600,관저1동,3017011600,관저동,정**,,,36.30279866,127.3373134,2025-01-17
188,약국,원약국,대전광역시 서구 탄방동 753,대전광역시 서구 문정로 88,3017055500,탄방동,3017010600,탄방동,김**,,,36.34643393,127.3889625,2025-01-17
189,약국,월평종로약국,대전광역시 서구 월평동 295,대전광역시 서구 청사서로 12,3017058700,월평2동,3017011300,월평동,신**,,,36.35899793,127.3768964,2025-01-17
190,약국,은아약국,대전광역시 서구 가수원동 765-1,대전광역시 서구 계백로1158번길 9,3017059000,가수원동,3017011400,가수원동,최**,,,36.30429783,127.3522334,2025-01-17
191,약국,은하수약국,대전광역시 서구 둔산동 1255,대전광역시 서구 둔산남로 46,3017064000,둔산2동,3017011200,둔산동,김**,,,36.34843023,127.3825912,2025-01-17
192,약국,은하약국,대전광역시 서구 탄방동 1011,대전광역시 서구 탄방로7번길 65,3017055500,탄방동,3017010600,탄방동,김**,,,36.34629395,127.3939509,2025-01-17
193,약국,을지다사랑약국,대전광역시 서구 둔산동 1308,대전광역시 서구 대덕대로234번길 45,3017064000,둔산2동,3017011200,둔산동,김*,,,36.35382305,127.3822529,2025-01-17
194,약국,을지실로암약국,대전광역시 서구 둔산동 1308,대전광역시 서구 대덕대로234번길 45,3017064000,둔산2동,3017011200,둔산동,송**,,,36.35382305,127.3822529,2025-01-17
195,약국,을지온누리약국,대전광역시 서구 둔산동 1307,대전광역시 서구 대덕대로242번길 48,3017064000,둔산2동,3017011200,둔산동,우**,,,36.35410989,127.382253,2025-01-17
196,약국,을지참조은약국,대전광역시 서구 둔산동 1305,대전광역시 서구 둔산서로 81,3017064000,둔산2동,3017011200,둔산동,김**,,,36.35410884,127.3826095,2025-01-17
197,약국,이화누리약국,대전광역시 서구 월평동 282-2,대전광역시 서구 청사로 130,3017058700,월평2동,3017011300,월평동,김**,,,36.35942879,127.378377,2025-01-17
198,약국,이화약국,대전광역시 서구 관저동 1340,대전광역시 서구 관저로 157,3017059700,관저2동,3017011600,관저동,고**,,,36.29932268,127.3397725,2025-01-17
199,약국,인과원약국,대전광역시 서구 갈마동 393-15,대전광역시 서구 신갈마로 120,3017058100,갈마1동,3017011100,갈마동,신**,,,36.34421717,127.3688264,2025-01-17
200,약국,인화약국,대전광역시 서구 도마동 121-6,대전광역시 서구 도솔로 68,3017053000,도마2동,3017010300,도마동,차**,,,36.31664872,127.373601,2025-01-17
201,약국,일등프라자약국,대전광역시 서구 탄방동 1026,대전광역시 서구 문정로 134,3017055500,탄방동,3017010600,탄방동,박**,,,36.34647133,127.3942408,2025-01-17
202,약국,일영약국,대전광역시 서구 둔산동 915,대전광역시 서구 청사로 228,3017064000,둔산2동,3017011200,둔산동,박**,,,36.3594322,127.3891005,2025-01-17
203,약국,자연약국,대전광역시 서구 둔산동 913,대전광역시 서구 청사로 234,3017064000,둔산2동,3017011200,둔산동,박**,,,36.35942889,127.3896742,2025-01-17
204,약국,정림종로약국,대전광역시 서구 정림동 502,대전광역시 서구 계백로 1272,3017053500,정림동,3017010400,정림동,박**,,,36.30726301,127.3643468,2025-01-17
205,약국,정림푸른약국,대전광역시 서구 정림동 646,대전광역시 서구 정림로 18,3017053500,정림동,3017010400,정림동,전**,,,36.30215004,127.3665359,2025-01-17
206,약국,정산한약국,대전광역시 서구 도마동 130-5,대전광역시 서구 도마4길 51,3017052000,도마1동,3017010300,도마동,임**,,,36.31546299,127.3800504,2025-01-17
207,약국,정성약국,대전광역시 서구 괴정동 91-7,대전광역시 서구 갈마로 251,3017056000,괴정동,3017010800,괴정동,김**,,,36.33377594,127.3819995,2025-01-17
208,약국,정약국,대전광역시 서구 도마동 107-12,대전광역시 서구 도솔로 96,3017053000,도마2동,3017010300,도마동,조**,,,36.319093,127.3737448,2025-01-17
209,약국,조아약국,대전광역시 서구 둔산동 1821,대전광역시 서구 둔산로 214-1,3017066000,둔산3동,3017011200,둔산동,김**,,,36.35104205,127.397682,2025-01-17
210,약국,종로약국,대전광역시 서구 둔산동 1814,대전광역시 서구 둔산로 206,3017066000,둔산3동,3017011200,둔산동,임**,,,36.35105816,127.3967638,2025-01-17
211,약국,좋은약국,대전광역시 서구 괴정동 91-22,대전광역시 서구 갈마로 255,3017056000,괴정동,3017010800,괴정동,여**,,,36.3334714,127.3822342,2025-01-17
212,약국,준약국,대전광역시 서구 복수동 615,대전광역시 서구 복수동로 39-26,3017051000,복수동,3017010100,복수동,박**,,,36.30015318,127.3797939,2025-01-17
213,약국,즐거운약국,대전광역시 서구 탄방동 792,대전광역시 서구 문정로 96,3017055500,탄방동,3017010600,탄방동,박**,,,36.34643005,127.3899038,2025-01-17
214,약국,지씨지센타약국,대전광역시 서구 월평동 1168,대전광역시 서구 월평서로 7,3017058600,월평1동,3017011300,월평동,최**,,,36.35420418,127.3579811,2025-01-17
215,약국,지영약국,대전광역시 서구 월평동 218,대전광역시 서구 월평북로 11,3017058700,월평2동,3017011300,월평동,민**,,,36.36382471,127.3690148,2025-01-17
216,약국,진달래약국,대전광역시 서구 월평동 312-1,대전광역시 서구 월평동로 45,3017058800,월평3동,3017011300,월평동,김**,,,36.35908065,127.3668216,2025-01-17
217,약국,참건강약국,대전광역시 서구 탄방동 89-5,대전광역시 서구 도산로393번길 62,3017055500,탄방동,3017010600,탄방동,최*,,,36.34098657,127.3916193,2025-01-17
218,약국,참사랑약국,대전광역시 서구 변동 12-1,대전광역시 서구 동서대로 1090,3017054000,변동,3017010200,변동,김**,,,36.3283321,127.3814372,2025-01-17
219,약국,참사랑온누리약국,대전광역시 서구 탄방동 690,대전광역시 서구 계룡로553번안길 37,3017055500,탄방동,3017010600,탄방동,박**,,,36.3461098,127.3872644,2025-01-17
220,약국,천사약국,대전광역시 서구 둔산동 915,대전광역시 서구 청사로 228,3017064000,둔산2동,3017011200,둔산동,송**,,,36.3594322,127.3891005,2025-01-17
221,약국,천수약국,대전광역시 서구 가장동 42-1,대전광역시 서구 도산로 276,3017057000,가장동,3017010900,가장동,윤**,,,36.33138379,127.3848845,2025-01-17
222,약국,청사약국,대전광역시 서구 둔산동 920,대전광역시 서구 청사로 189,3017064000,둔산2동,3017011200,둔산동,부**,,,36.3622272,127.3849234,2025-01-17
223,약국,청춘약국,대전광역시 서구 탄방동 746,대전광역시 서구 문정로 77,3017055500,탄방동,3017010600,탄방동,정**,,,36.34730027,127.3880063,2025-01-17
224,약국,초록큰사랑약국,대전광역시 서구 복수동 621,대전광역시 서구 복수동로 61,3017051000,복수동,3017010100,복수동,곽**,,,36.29882988,127.3788571,2025-01-17
225,약국,케이엠티약국,대전광역시 서구 괴정동 5-9,대전광역시 서구 계룡로 586,3017056000,괴정동,3017010800,괴정동,김**,,,36.34151118,127.3883769,2025-01-17
226,약국,코끼리약국,대전광역시 서구 도안동 1793,대전광역시 서구 도안동로 3,3017059300,도안동,3017011500,도안동,김**,,,36.30549599,127.3527122,2025-01-17
227,약국,큰마을약국,대전광역시 서구 갈마동 1418,대전광역시 서구 대덕대로 150,3017058200,갈마2동,3017011100,갈마동,권**,,,36.34468943,127.3768704,2025-01-17
228,약국,타임약국,대전광역시 서구 도안동 880,대전광역시 서구 도안북로 107,3017059300,도안동,3017011500,도안동,오**,,,36.3303607,127.3405754,2025-01-17
229,약국,탄방대한약국,대전광역시 서구 탄방동 673,대전광역시 서구 문정로2번길 95,3017055500,탄방동,3017010600,탄방동,최**,,,36.34331561,127.3855091,2025-01-17
230,약국,탄방대한약국,대전광역시 서구 탄방동 673,대전광역시 서구 문정로2번길 95,3017055500,탄방동,3017010600,탄방동,김**,,,36.34331561,127.3855091,2025-01-17
231,약국,탄방세이약국,대전광역시 서구 탄방동 744,대전광역시 서구 문정로 85,3017055500,탄방동,3017010600,탄방동,홍**,,,36.34717955,127.3888549,2025-01-17
232,약국,탄방우리약국,대전광역시 서구 탄방동 642,대전광역시 서구 문정로48번길 70,3017055500,탄방동,3017010600,탄방동,손**,,,36.34361715,127.3840781,2025-01-17
233,약국,탄방우리약국,대전광역시 서구 탄방동 642,대전광역시 서구 문정로48번길 70,3017055500,탄방동,3017010600,탄방동,박**,,,36.34361715,127.3840781,2025-01-17
234,약국,탄방우리약국,대전광역시 서구 탄방동 642,대전광역시 서구 문정로48번길 70,3017055500,탄방동,3017010600,탄방동,정**,,,36.34361715,127.3840781,2025-01-17
235,약국,탄방한마음약국,대전광역시 서구 탄방동 599,대전광역시 서구 문정로 30,3017055500,탄방동,3017010600,탄방동,신**,,,36.34631988,127.382896,2025-01-17
236,약국,태양약국,대전광역시 서구 둔산동 1362,대전광역시 서구 대덕대로 226,3017064000,둔산2동,3017011200,둔산동,김**,,,36.35273248,127.3798669,2025-01-17
237,약국,태평양약국,대전광역시 서구 정림동 590,대전광역시 서구 정림로 56-1,3017053500,정림동,3017010400,정림동,김**,,,36.3054916,127.3655439,2025-01-17
238,약국,평촌약국,,,,,,,허*,,,,,2025-01-17
239,약국,푸른솔약국,대전광역시 서구 월평동 533,대전광역시 서구 월평중로 24,3017058600,월평1동,3017011300,월평동,복**,,,36.3567786,127.3641721,2025-01-17
240,약국,프라자약국,대전광역시 서구 탄방동 730,대전광역시 서구 문예로 19,3017055500,탄방동,3017010600,탄방동,복**,,,36.34844455,127.3898447,2025-01-17
241,약국,플러스약국,대전광역시 서구 탄방동 644,대전광역시 서구 문정로48번길 58,3017055500,탄방동,3017010600,탄방동,곽**,,,36.34397292,127.3841953,2025-01-17
242,약국,필약국,대전광역시 서구 둔산동 1424,대전광역시 서구 둔산남로 87,3017063000,둔산1동,3017011200,둔산동,민**,,,36.34931136,127.3874168,2025-01-17
243,약국,하나로약국,대전광역시 서구 도마동 175-20,대전광역시 서구 계백로 1436,3017052000,도마1동,3017010300,도마동,윤**,,,36.3131558,127.380866,2025-01-17
244,약국,하나약국,대전광역시 서구 월평동 1180 ,대전광역시 서구 월평서로 11,3017058600,월평1동,3017011300,월평동,박**,,,36.35452316,127.3576301,2025-01-17
245,약국,한밭약국,대전광역시 서구 도마동 173-6,대전광역시 서구 계백로 1418,3017053000,도마2동,3017010300,도마동,정**,,,36.31237273,127.3790922,2025-01-17
246,약국,한신약국,대전광역시 서구 둔산동 1875,대전광역시 서구 문정로 174,3017066000,둔산3동,3017011200,둔산동,박**,,,36.34978495,127.3954974,2025-01-17
247,약국,해동약국,대전광역시 서구 용문동 242-1,대전광역시 서구 도산로 412,3017055000,용문동,3017010500,용문동,채**,,,36.33979249,127.3955391,2025-01-17
248,약국,해든약국,대전광역시 서구 둔산동 984,대전광역시 서구 둔산로 25,3017064000,둔산2동,3017011200,둔산동,임**,,,36.35213473,127.376909,2025-01-17
249,약국,해맑은약국,대전광역시 서구 도안동 1769,대전광역시 서구 도안동로11번길 10,3017059300,도안동,3017011500,도안동,강**,,,36.30640272,127.3522058,2025-01-17
250,약국,해성약국,대전광역시 서구 도마동 190-21,대전광역시 서구 제비네4길 129,3017053000,도마2동,3017010300,도마동,김**,,,36.31160063,127.3753397,2025-01-17
251,약국,햇살가득한약국,대전광역시 서구 둔산동 1383 ,대전광역시 서구 둔산북로 175,3017063000,둔산1동,3017011200,둔산동,백**,,,36.35629666,127.3926802,2025-01-17
252,약국,햇살약국,대전광역시 서구 관저동 1778,대전광역시 서구 관저북로13번길 23-24,3017059600,관저1동,3017011600,관저동,김**,,,36.30195079,127.3358537,2025-01-17
253,약국,행복가득가톨릭약국,대전광역시 서구 용문동 276-4,대전광역시 서구 도산로 351,3017055000,용문동,3017010500,용문동,이**,,,36.33652009,127.3903736,2025-01-17
254,약국,행복한약국,대전광역시 서구 관저동 1110,대전광역시 서구 관저중로95번길 99,3017059700,관저2동,3017011600,관저동,임**,,,36.30117304,127.3341592,2025-01-17
255,약국,향촌약국,대전광역시 서구 둔산동 970,대전광역시 서구 둔산로 15,3017064000,둔산2동,3017011200,둔산동,김**,,,36.3541273,127.375512,2025-01-17
256,약국,허룡약국,대전광역시 서구 괴정동 95-28,대전광역시 서구 도솔로 313,3017056000,괴정동,3017010800,괴정동,허*,,,36.33642832,127.3823539,2025-01-17
257,약국,혜성약국,대전광역시 서구 둔산동 1204,대전광역시 서구 둔산남로 30,3017064000,둔산2동,3017011200,둔산동,홍**,,,36.34771584,127.380655,2025-01-17
258,약국,황실약국,대전광역시 서구 월평동 302,대전광역시 서구 청사로 65,3017058800,월평3동,3017011300,월평동,이**,,,36.36158188,127.3713681,2025-01-17
259,약국,회복약국,대전광역시 서구 둔산동 1506,대전광역시 서구 문예로 65,3017063000,둔산1동,3017011200,둔산동,김**,,,36.35256007,127.389863,2025-01-17
260,약국,흰돌약국,대전광역시 서구 둔산동 1805,대전광역시 서구 둔산북로 215,3017066000,둔산3동,3017011200,둔산동,김**,,,36.35656564,127.3982142,2025-01-17
261,약국,힐링한약국,대전광역시 서구 둔산동 1835,대전광역시 서구 둔산로206번길 7,3017066000,둔산3동,3017011200,둔산동,박**,,,36.35088027,127.396764,2025-01-17
262,"행정복지센터,보건소",대전광역시 서구청,대전광역시 서구 둔산동 1300,대전광역시 서구 둔산서로 100,3017064000,둔산2동,3017011200,둔산동,,,민원실,36.35507078,127.3838083,2025-01-17
263,"행정복지센터,보건소",복수동행정복지센터,대전광역시 서구 복수동 614,대전광역시 서구 복수동로 49,3017051000,복수동,3017010100,복수동,,,민원실,36.30002044,127.3789401,2025-01-17
264,"행정복지센터,보건소",도마1동행정복지센터,대전광역시 서구 도마동 132-5,대전광역시 서구 도마3길 46,3017052000,도마1동,3017010300,도마동,,,민원실,36.31603064,127.3811529,2025-01-17
265,"행정복지센터,보건소",도마2동행정복지센터,대전광역시 서구 도마동 155-16,대전광역시 서구 도림1길 14,3017053000,도마2동,3017010300,도마동,,,민원실,36.31260774,127.3735726,2025-01-17
266,"행정복지센터,보건소",정림동행정복지센터,대전광역시 서구 정림동 636,대전광역시 서구 정림동로 10,3017053500,정림동,3017010400,정림동,,,민원실,36.30442866,127.3667459,2025-01-17
267,"행정복지센터,보건소",변동행정복지센터,대전광역시 서구 변동 1-23,대전광역시 서구 중반5길 133,3017054000,변동,3017010200,변동,,,민원실,36.32581474,127.38674,2025-01-17
268,"행정복지센터,보건소",용문동행정복지센터,대전광역시 서구 용문동 256-29,대전광역시 서구 계룡로662번길 6,3017055000,용문동,3017010500,용문동,,,민원실,36.33683531,127.3943305,2025-01-17
269,"행정복지센터,보건소",탄방동행정복지센터,대전광역시 서구 탄방동 1041-1,대전광역시 서구 탄방로7번길 97,3017055500,탄방동,3017010600,탄방동,,,민원실,36.34665283,127.3953859,2025-01-17
270,"행정복지센터,보건소",둔산1동행정복지센터,대전광역시 서구 둔산동 1402,대전광역시 서구 둔산중로 65,3017063000,둔산1동,3017011200,둔산동,,,민원실,36.3525328,127.3862426,2025-01-17
271,"행정복지센터,보건소",둔산2동행정복지센터,대전광역시 서구 둔산동 1301,대전광역시 서구 둔산서로 80,3017064000,둔산2동,3017011200,둔산동,,,민원실,36.35379536,127.3834677,2025-01-17
272,"행정복지센터,보건소",둔산3동행정복지센터,대전광역시 서구 둔산동 1808,대전광역시 서구 둔산북로 232-52,3017066000,둔산3동,3017011200,둔산동,,,민원실,36.35344082,127.4000229,2025-01-17
273,"행정복지센터,보건소",괴정동행정복지센터,대전광역시 서구 괴정동 74-5,대전광역시 서구 가장로 57,3017056000,괴정동,3017010800,괴정동,,,민원실,36.33715799,127.382047,2025-01-17
274,"행정복지센터,보건소",가장동행정복지센터,대전광역시 서구 가장동 40-13,대전광역시 서구 들말4길 6,3017057000,가장동,3017010900,가장동,,,민원실,36.33008779,127.3851691,2025-01-17
275,"행정복지센터,보건소",내동행정복지센터,대전광역시 서구 내동 21-23,대전광역시 서구 도솔로 247,3017057500,내동,3017011000,내동,,,민원실,36.33220976,127.3773826,2025-01-17
276,"행정복지센터,보건소",갈마1동행정복지센터,대전광역시 서구 갈마동 316-3,대전광역시 서구 신갈마로 191,3017058100,갈마1동,3017011100,갈마동,,,민원실,36.35072384,127.3678302,2025-01-17
277,"행정복지센터,보건소",갈마2동행정복지센터,대전광역시 서구 갈마동 1069,대전광역시 서구 대덕대로 147,3017058200,갈마2동,3017011100,갈마동,,,민원실,36.34676638,127.3748621,2025-01-17
278,"행정복지센터,보건소",월평1동행정복지센터,대전광역시 서구 월평동 1181-2,대전광역시 서구 월평서로 13,3017058600,월평1동,3017011300,월평동,,,민원실,36.35468243,127.357618,2025-01-17
279,"행정복지센터,보건소",월평2동행정복지센터,대전광역시 서구 월평동 218-3,대전광역시 서구 갈마역로 145,3017058700,월평2동,3017011300,월평동,,,민원실,36.36356466,127.3739884,2025-01-17
280,"행정복지센터,보건소",월평3동행정복지센터,대전광역시 서구 월평동 310,대전광역시 서구 청사로 27-9,3017058800,월평3동,3017011300,월평동,,,민원실,36.360303,127.3668828,2025-01-17
281,"행정복지센터,보건소",만년동행정복지센터,대전광역시 서구 만년동 3,대전광역시 서구 만년로 19,3017065000,만년동,3017012800,만년동,,,민원실,36.36757353,127.3750246,2025-01-17
282,"행정복지센터,보건소",가수원동행정복지센터,대전광역시 서구 가수원동 761-3,대전광역시 서구 가수원로 105,3017059000,가수원동,3017011400,가수원동,,,민원실,36.30357398,127.3493552,2025-01-17
283,"행정복지센터,보건소",관저1동행정복지센터,대전광역시 서구 관저동 999-3,대전광역시 서구 관저북로 24,3017059600,관저1동,3017011600,관저동,,,민원실,36.30380876,127.3373271,2025-01-17
284,"행정복지센터,보건소",관저2동행정복지센터,대전광역시 서구 관저동 1104,대전광역시 서구 관저중로 82,3017059700,관저2동,3017011600,관저동,,,민원실,36.29923226,127.3352512,2025-01-17
285,"행정복지센터,보건소",기성동행정복지센터,대전광역시 서구 흑석동 892,대전광역시 서구 흑석1길 16,3017060000,기성동,3017011700,흑석동,,,민원실,36.25580814,127.3416099,2025-01-17
286,"행정복지센터,보건소",서구보건소,대전광역시 서구 만년동 340,대전광역시 서구 만년로 74,3017065000,만년동,3017012800,만년동,,,민원실,36.36708996,127.3809773,2025-01-17
287,"행정복지센터,보건소",관저보건지소,대전광역시 서구 관저동 1424,대전광역시 서구 구봉산북로 300,3017059700,관저2동,3017011600,관저동,,,민원실,36.30109953,127.344941,2025-01-17
288,"행정복지센터,보건소",기성보건지소,대전광역시 서구 흑석동 949,대전광역시 서구 벌곡로 658,3017060000,기성동,3017011700,흑석동,,,민원실,36.2546112,127.3414739,2025-01-17
289,"행정복지센터,보건소",우명보건진료소,대전광역시 서구 우명동 275-1,대전광역시 서구 우명길 33-14,3017060000,기성동,3017012300,우명동,,,민원실,36.22311888,127.2945959,2025-01-17
290,"복지관,성당,체육시설,기타",서구노인복지관,대전광역시 서구 탄방동 1084,대전광역시 서구 남선로 66,3017055500,탄방동,3017010600,탄방동,,042-488-6297,,36.34539716,127.3982541,2025-01-17
291,"복지관,성당,체육시설,기타",행복한우리복지관,대전광역시 서구 도안동 1575,대전광역시 서구 계백로 1093-32,3017059300,도안동,3017011500,도안동,,042-331-1155,,36.3053598,127.3451853,2025-01-17
292,"복지관,성당,체육시설,기타",용문종합사회복지관,대전광역시 서구 용문동 589-7,대전광역시 서구 계룡로 626-1,3017055000,용문동,3017010500,용문동,,042-537-0615,,36.33911118,127.3915211,2025-01-17
293,"복지관,성당,체육시설,기타",유등노인복지관,대전광역시 서구 도마동 413-3,대전광역시 서구 도솔로 182,3017052000,도마1동,3017010300,도마동,,042-528-0890,,36.3261624,127.3744325,2025-01-17
294,"복지관,성당,체육시설,기타",둔산종합사회복지관,대전광역시 서구 둔산동 1862,대전광역시 서구 둔산로 242,3017066000,둔산3동,3017011200,둔산동,,042-482-2032,,36.35104434,127.4007707,2025-01-17
295,"복지관,성당,체육시설,기타",정림사회복지관,대전광역시 서구 정림동 637,대전광역시 서구 계백로1286번길 86,3017053500,정림동,3017010400,정림동,,042-584-4451,,36.30420687,127.3668678,2025-01-17
296,"복지관,성당,체육시설,기타",도마실국민체육센터,대전광역시 서구 도마동 567,대전광역시 서구 유등로 235,3017052000,도마1동,3017010300,도마동,,042-582-5556,,36.31323799,127.3851971,2025-01-17
297,"복지관,성당,체육시설,기타",도솔다목적체육관,대전광역시 서구 도마동 426,대전광역시 서구 배재로197번길 41,3017053000,도마2동,3017010300,도마동,,042-522-3820,,36.32489435,127.3681349,2025-01-17
298,"복지관,성당,체육시설,기타",갈마동 성당,대전광역시 서구 갈마동 316-1,대전광역시 서구 신갈마로195번길 13,3017058100,갈마1동,3017011100,갈마동,,042-537-4500,,36.35082772,127.3674305,2025-01-17
299,"복지관,성당,체육시설,기타",탄방동 성당,대전광역시 서구 탄방동 786,대전광역시 서구 탄방로 16,3017055500,탄방동,3017010600,탄방동,,042-485-1009,,36.34522588,127.3897437,2025-01-17
300,"복지관,성당,체육시설,기타",월평동 성당,대전광역시 서구 월평동 1041,대전광역시 서구 월평중로13번길 53,3017058600,월평1동,3017011300,월평동,,042-483-6014,,36.35548967,127.3606871,2025-01-17
301,"복지관,성당,체육시설,기타",내동 성당,대전광역시 서구 내동 17-18,대전광역시 서구 도솔로252번길 19,3017057500,내동,3017011000,내동,,042-526-4002,,36.33190753,127.3789988,2025-01-17
302,"복지관,성당,체육시설,기타",괴정동 성당,대전광역시 서구 괴정동 80-3,대전광역시 서구 도솔로 336,3017056000,괴정동,3017010800,괴정동,,042-535-7991,,36.33745617,127.3846377,2025-01-17
303,"복지관,성당,체육시설,기타",만년동 성당,대전광역시 서구 월평동 224,대전광역시 서구 대덕대로 333,3017058700,월평2동,3017011300,월평동,,042-489-9031,,36.36272197,127.3789945,2025-01-17
304,"복지관,성당,체육시설,기타",둔산동 성당,대전광역시 서구 둔산동 1383,대전광역시 서구 둔산북로 175,3017063000,둔산1동,3017011200,둔산동,,042-472-2960,,36.35629666,127.3926802,2025-01-17
305,"복지관,성당,체육시설,기타",서구노인지회,대전광역시 서구 갈마동 295-27,대전광역시 서구 계룡로342번길 28,3017058100,갈마1동,3017011100,갈마동,,042-526-4832,,36.35267574,127.3661428,2025-01-17
306,"복지관,성당,체육시설,기타",지역교육사회협의회,대전광역시 서구 갈마동 338-22,대전광역시 서구 갈마로 34,3017058100,갈마1동,3017011100,갈마동,,042-489-8177,,36.34950143,127.3690187,2025-01-17
